id,pred_pk,true_pk,n_edges,n_cross,n_lig,cross_frac_topk,lig_frac_topk,mean_abs_cross,mean_abs_lig,top_k
1c5z,3.1086747646331787,4.010000228881836,212,185,27,1.0,0.0,0.0005996786984237464,0.00027096679917088255,5
3arq,6.502693176269531,6.400000095367432,365,249,116,0.8,0.2,0.001026853799341194,0.0005558424725614746,5
2x00,8.622007369995117,11.329999923706055,419,300,119,0.8,0.2,0.0010045669178167977,0.0006609296848793992,5
