{
  "RMSE": 1.407285213470459,
  "R": 0.8226504778159968,
  "R2": 0.6330475837248954
}