{
  "train_loss": [
    0.44492343372990045,
    0.16492794695191693,
    0.1362449504699488,
    0.12605039254297543,
    0.11232307847270388,
    0.1057117625853214,
    0.10202285281085022,
    0.0952246469175268,
    0.09088142686727649,
    0.08654492239551405,
    0.085272391787526,
    0.0794154081283631,
    0.07909694146792674,
    0.0754669590664557,
    0.07265217056291835,
    0.07066471971151475,
    0.06979683554091633,
    0.0672317252947418,
    0.06656988681389295,
    0.063984757604268,
    0.06249482328527158,
    0.06194774671175784,
    0.05991534447775753,
    0.06035981642272876,
    0.05802970246600458,
    0.056872142926014044,
    0.05607839958792813,
    0.05473471593912808,
    0.05394831458437169,
    0.05314904118505052,
    0.05398195238476755,
    0.0518033244026852,
    0.05161807094243723,
    0.05268186067147394,
    0.049370912932217244,
    0.048891548479524184,
    0.04879798769701996,
    0.04706585800395754,
    0.047560285267445386,
    0.04680563514908321,
    0.04560088913397774,
    0.045512589052443965,
    0.04652057745589219,
    0.04523037364686954,
    0.04503094907344508,
    0.04400987078927628,
    0.044403979807532155,
    0.04314024735529886,
    0.04260208414155904,
    0.04327023494016527,
    0.041330684944676205,
    0.04258535918244987,
    0.043027027033751594,
    0.04218695222911481,
    0.04029350338157632,
    0.04090528990023445,
    0.04146735421099967,
    0.039459705177795665,
    0.03965881398037107,
    0.03887179484182584,
    0.03899035189837404,
    0.03921249016559448,
    0.03772188772472683,
    0.038625563325706505,
    0.037542853267213995,
    0.038236603864112824,
    0.03759619764330367,
    0.0372659484807223,
    0.03756820895011091,
    0.036987213067912604
  ],
  "val_loss": [
    0.19935698176805788,
    0.11717299945079364,
    0.09435168345673726,
    0.09337937695762286,
    0.08922257661246337,
    0.08749944179390486,
    0.0923210598814946,
    0.08579517607218944,
    0.13152029236348775,
    0.09947850483541305,
    0.07868550087396915,
    0.07959637740770212,
    0.08446886304479378,
    0.0784084560492864,
    0.08004240999714686,
    0.07911566723711215,
    0.07820586043481643,
    0.08047031933585039,
    0.07822518136638862,
    0.07533211146409695,
    0.07706507209401864,
    0.07602597443530193,
    0.07822531533355896,
    0.07859702007128642,
    0.0755765070565618,
    0.07792957685887814,
    0.07553623516399127,
    0.08251514192670584,
    0.07636615985001509,
    0.0806922845972272,
    0.07812970912513825,
    0.07648555361307584,
    0.07737874318487369,
    0.0760082259344367,
    0.07548053247424272,
    0.07770448400137517,
    0.077404105820908,
    0.07696337740008648,
    0.07624209435799947,
    0.07609304620955999,
    0.07664990303321527,
    0.07826886096825966,
    0.07763678695146854,
    0.07691719597921921,
    0.07780888339934441,
    0.07614204674386062,
    0.07559767480079944,
    0.08303749324897161,
    0.07831449756542078,
    0.075428850375689,
    0.07762382931720752,
    0.08165019743431073,
    0.07764361390414146,
    0.07636322962263456,
    0.08119152658260785,
    0.0777867825415272,
    0.07543888394362651,
    0.07741379064436142,
    0.0759717056957575,
    0.07635582575144675,
    0.08904300945309493,
    0.07758592190937354,
    0.07873558883483593,
    0.07886626807829508,
    0.07685678903586589,
    0.07606324145140556,
    0.07537110830442263,
    0.07745339040859388,
    0.07787103334871623,
    0.07812001541830026
  ],
  "best_epoch": 20
}