{
  "train_loss": [
    0.4963047305261829,
    0.17756621956320132,
    0.14695972610111677,
    0.13470226695837756,
    0.12381612504077015,
    0.11228440797574295,
    0.10712530970862068,
    0.10471066426639118,
    0.0969604315376022,
    0.09708312742827013,
    0.09085702703990602,
    0.08664536232593273,
    0.0822032258257306,
    0.08150966447433028,
    0.07694213209588072,
    0.07607504266334504,
    0.07306730500974898,
    0.07197949918974687,
    0.06929498929846084,
    0.06697583479071645,
    0.06520132531048888,
    0.0635544849834777,
    0.0645581130434468,
    0.06099357437026703,
    0.059470568537784256,
    0.06031210821563915,
    0.059389039215611485,
    0.05671172903864205,
    0.055797597857927296,
    0.054777102387052475,
    0.05642518234274578,
    0.053452223782894395,
    0.05210704271643272,
    0.05145594044689982,
    0.05035839223959111,
    0.05027763959985524,
    0.04972462005209692,
    0.0491632576806349,
    0.048591939231818294,
    0.04737845414992395,
    0.04685902303720646,
    0.046186483697401984,
    0.0476212262268433,
    0.04610359814405874,
    0.04471802024157226,
    0.04453805287889505,
    0.04397779202075183,
    0.043912371525825084,
    0.04199298868095615,
    0.042956726070827206,
    0.041708388178638624,
    0.041256108025842085,
    0.042534419414350544,
    0.04052767147632546,
    0.04052096573279643,
    0.04073973975570525,
    0.04047084633107624,
    0.040994028486401636,
    0.03906949512101259,
    0.03985271367445119,
    0.03843538714324735,
    0.038311921533639146,
    0.03822319485589898,
    0.03809477545808072,
    0.0371794084551548,
    0.038495657473946884,
    0.03635449197422939,
    0.036608707971564215,
    0.03712334058565464,
    0.03720734173265121,
    0.03568165388959516,
    0.03532518264690987,
    0.03488761617759238,
    0.03459877232608293,
    0.03549014990720853,
    0.03539970854960256,
    0.0352874242770542,
    0.03410905786309635,
    0.03396718179216252,
    0.03528750888534233,
    0.03420901818981182,
    0.034105720864405935,
    0.03390390607223961,
    0.03396110188838356
  ],
  "val_loss": [
    0.15400644119542378,
    0.10691146624202912,
    0.10047570401086257,
    0.10412953192224869,
    0.09076829741780575,
    0.09399466216564178,
    0.09088283440528008,
    0.09537142816071327,
    0.09254954647845946,
    0.09366997660925755,
    0.08719476770896178,
    0.09035041742026806,
    0.09035222662182954,
    0.09401047057830371,
    0.08147434510577184,
    0.0831806891096326,
    0.0845880787819624,
    0.07922568165052396,
    0.07788410947586481,
    0.07874096364069444,
    0.08179207454220606,
    0.088015711078277,
    0.07921318831638648,
    0.07764245075388597,
    0.09029902775700276,
    0.07758313575043128,
    0.08033604045900014,
    0.07857839756000501,
    0.07886485275454246,
    0.07916289016317862,
    0.0777529081186423,
    0.08914988702879502,
    0.07978226337581873,
    0.07532401605007741,
    0.08538399450480938,
    0.07801419790261067,
    0.07921176941062395,
    0.08151221389953907,
    0.08648374834312843,
    0.08485849072726873,
    0.0780525696105682,
    0.08218187459099752,
    0.07781032737917624,
    0.0795920999147571,
    0.0830781185426391,
    0.07940395649235982,
    0.07773798603851062,
    0.07837145438847634,
    0.07974092956059255,
    0.07914683172622552,
    0.08684628249074404,
    0.07901671965821432,
    0.07736495438103493,
    0.07780072895380166,
    0.07681823586328672,
    0.07881440222263336,
    0.08267987863375591,
    0.07742070764876328,
    0.0778444421549256,
    0.07686588368736781,
    0.07657621937015882,
    0.07947172575558607,
    0.07798074085551959,
    0.0802958242308635,
    0.07577265612781048,
    0.07990684919059277,
    0.07731906002244124,
    0.07750275910187227,
    0.07967245786522444,
    0.08377953059971333,
    0.07787536163456164,
    0.07757469567541893,
    0.08115624177914399,
    0.07688386817104541,
    0.0778319499670313,
    0.08269423726372994,
    0.07986131188674615,
    0.0773497921629594,
    0.08450000231655744,
    0.07645630227545133,
    0.07863608511308065,
    0.080538853429831,
    0.07752382705131403,
    0.07921598901828894
  ],
  "best_epoch": 34
}