{
  "train_loss": [
    0.4900630437216516,
    0.1758006608911923,
    0.14311244140309226,
    0.1313568205723751,
    0.11927713349136833,
    0.11192101815638762,
    0.10661822418540211,
    0.09896945980429361,
    0.09854751374328974,
    0.09244673138091986,
    0.08881373329146722,
    0.08704204348617259,
    0.08168405119428912,
    0.07936359757047877,
    0.07589430193310788,
    0.07481780371315254,
    0.07175689261884724,
    0.07021772514207889,
    0.0685684757338742,
    0.06679889511939399,
    0.06458452659643303,
    0.06345961119339195,
    0.06286270805515043,
    0.060851743801093275,
    0.059940994913367324,
    0.05932570923543727,
    0.05843166817096908,
    0.05906096070138941,
    0.0559000032829892,
    0.05523925105935148,
    0.05451804653856425,
    0.052870426841134306,
    0.051738334995565925,
    0.05119954285913172,
    0.05110845678727217,
    0.049736583695609404,
    0.04931091899210113,
    0.04856385156223618,
    0.049185714898653525,
    0.0469868555890518,
    0.04691003432123049,
    0.04666583987345274,
    0.045424274581576954,
    0.044940133757221785,
    0.04583708974408757,
    0.04440068987087678,
    0.04310770920471042,
    0.04455659704025808,
    0.04412651596451066,
    0.04402474652227131,
    0.04312577035467503,
    0.0420546481255036,
    0.04197719464976043,
    0.04039870849731615,
    0.040473498737768746,
    0.04092142891508615,
    0.040706707263866,
    0.040533131434972294,
    0.03874580261746273,
    0.03939202423354038,
    0.040251216235554825,
    0.039073906789283484,
    0.03810856796205765,
    0.039420307593614076,
    0.03772443611869367,
    0.03889527463649578,
    0.03659654208447685,
    0.03682463846144607,
    0.03724123658409419,
    0.038159209788386814,
    0.037207574860957285,
    0.036243666721097495,
    0.03634327272129117
  ],
  "val_loss": [
    0.13263787486805365,
    0.10793012480896252,
    0.14994516968727112,
    0.09870398947252677,
    0.09074785689321849,
    0.08765810771057239,
    0.08715346455574036,
    0.09313403005496813,
    0.09722189089426628,
    0.0815719637589959,
    0.08362674627166528,
    0.08295958123814601,
    0.09546927248056118,
    0.07894651505809563,
    0.08220281738501328,
    0.07854576501995325,
    0.0801437793012995,
    0.07664948293509391,
    0.07671038878078644,
    0.07708424050360918,
    0.07825171961807288,
    0.09296463687832539,
    0.07598436437547207,
    0.08186187838705686,
    0.07718180721768966,
    0.08269850014207455,
    0.08470689605634946,
    0.08378294919832395,
    0.0765070547707952,
    0.08412543583947879,
    0.0774054739337701,
    0.07960007124795364,
    0.08515342912421776,
    0.08456392564739172,
    0.07834290061146021,
    0.0799578557220789,
    0.07921362997820744,
    0.07911859237803863,
    0.07847461147377124,
    0.07889253818071805,
    0.08235541437394343,
    0.07973995417929612,
    0.07803936051921202,
    0.08221081887873319,
    0.07890949183358596,
    0.08010302727612165,
    0.07863210764928506,
    0.07876253944750015,
    0.08260240735342869,
    0.0780282190356117,
    0.08099176899458353,
    0.07790427970198485,
    0.07766113186684939,
    0.07806884526060177,
    0.0791647551008142,
    0.07987773439918573,
    0.07837568173328271,
    0.0782332533540634,
    0.07723340678673524,
    0.08148117306140754,
    0.08527305192099167,
    0.07810192075199805,
    0.0791970921966892,
    0.08058452054571646,
    0.07896503856262335,
    0.07800150075210975,
    0.0787051494878072,
    0.08020390276438914,
    0.0823867445668349,
    0.07912122572843845,
    0.07846342901197764,
    0.08463236754043744,
    0.08140510721848561
  ],
  "best_epoch": 23
}