{
  "train_loss": [
    0.4966082825859869,
    0.1752678360654713,
    0.15026637749435248,
    0.13785852318670214,
    0.12427758135027804,
    0.1158076643619064,
    0.10844308422927995,
    0.10260804708298413,
    0.09719194277904512,
    0.09496649905822756,
    0.08978325267464428,
    0.08671555531010501,
    0.08232013903756696,
    0.08117173705926531,
    0.07862768008330832,
    0.07510611251646035,
    0.07236355770442446,
    0.07141133202984028,
    0.06996799698753449,
    0.06756892308737117,
    0.06718967693517341,
    0.06513049094498014,
    0.06416045541516517,
    0.062126660020458205,
    0.060205185474697095,
    0.05977358728575072,
    0.05882434779665372,
    0.058959433389489356,
    0.05676186947066328,
    0.0561337979199234,
    0.05513340579323272,
    0.05403173270186558,
    0.05211386811123489,
    0.05257753416282501,
    0.05001360004808366,
    0.04889384278301465,
    0.04957614595084012,
    0.0503015733407427,
    0.047632159710327304,
    0.047842482546881095,
    0.04780553808981512,
    0.04726483184420312,
    0.045760495421312046,
    0.04585114134967183,
    0.04470843482609234,
    0.04503822424978956,
    0.04498116109186454,
    0.04252561004539235,
    0.04362438259235883,
    0.04363473364970586,
    0.041981373523467966,
    0.040640906690107996,
    0.041401696605630416,
    0.04143242974546862,
    0.04072616870805946,
    0.04093594840089576,
    0.04047271560597939,
    0.039452401384458706,
    0.03855654595027391,
    0.039787451892225274,
    0.038861048834051115,
    0.03842803852555971,
    0.0384876418669345,
    0.03845183887760229,
    0.03800076194847179,
    0.03812720932824127,
    0.03649737612856214,
    0.038024763966804556,
    0.03641119290404834,
    0.037253479425937444,
    0.03773523091854974,
    0.036922323528776446,
    0.036178921378661875
  ],
  "val_loss": [
    0.15227255740991005,
    0.10443577772149673,
    0.10366047044786122,
    0.15166069767796075,
    0.09640404753960095,
    0.09314143829620801,
    0.08813920581283477,
    0.0872717214604983,
    0.10221770763970338,
    0.10943333732967193,
    0.08668552761754164,
    0.08110929395143802,
    0.11579086001102741,
    0.08087165044763914,
    0.07861961259578283,
    0.08603713238755098,
    0.0814843510922331,
    0.07723703500456534,
    0.0782618816368855,
    0.07881849710471354,
    0.08244599738659766,
    0.0772560344865689,
    0.07603142037987709,
    0.08153822659873046,
    0.07743197572059356,
    0.07811500784009695,
    0.07772047566966368,
    0.0802467643784789,
    0.07739231914568406,
    0.07675697632993643,
    0.07641467731446028,
    0.07845895271748304,
    0.07648517456478797,
    0.07777857379271434,
    0.07868456919319354,
    0.07840003073215485,
    0.07919803433693372,
    0.07814760864354096,
    0.08255771475915726,
    0.08519980311393738,
    0.08238609822896811,
    0.08060357984728538,
    0.07778546801553322,
    0.0810129649650592,
    0.08038584773357098,
    0.07901319223814286,
    0.07891522663143966,
    0.07746652664186862,
    0.08034980855882168,
    0.08407486824748608,
    0.07941051400624789,
    0.07919817016674922,
    0.07703528839808244,
    0.07827107773090784,
    0.08436812231173882,
    0.07815363422895853,
    0.07760143100928801,
    0.07713398444824494,
    0.07727863345868312,
    0.07967590619451724,
    0.07890599178007016,
    0.077650285899066,
    0.0786530957915462,
    0.08163484264738284,
    0.0766200629564432,
    0.07876492556757651,
    0.0890263753155103,
    0.0818158071488142,
    0.07708459727179545,
    0.07980100144273959,
    0.08537524265165512,
    0.08467685073041,
    0.07773272850765632
  ],
  "best_epoch": 23
}