{
  "RMSE": 1.3465795516967773,
  "R": 0.8279004164868512,
  "R2": 0.6640229936595332
}